
{
    "coin":{"category": "master","sounds": [{"name": "custom/coin"}]},
    "blackout1":{"category": "master","sounds": [{"name": "custom/blackout1"}]},
    "blackout2":{"category": "master","sounds": [{"name": "custom/blackout2"}]},
    "blackout3":{"category": "master","sounds": [{"name": "custom/blackout3"}]},
    "change_variable1":{"category": "master","sounds": [{"name": "custom/change_variable1"}]},
    "change_variable2":{"category": "master","sounds": [{"name": "custom/change_variable2"}]},
    "digi_roulette_click_button":{"category": "master","sounds": [{"name": "custom/digi_roulette_click_button"}]},
    "digi_roulette_roll":{"category": "master","sounds": [{"name": "custom/digi_roulette_roll"}]},
    "digi_roulette_slowstop":{"category": "master","sounds": [{"name": "custom/digi_roulette_slowstop"}]},
    "beep1":{"category": "master","sounds": [{"name": "custom/beep1"}]},
    "beep2":{"category": "master","sounds": [{"name": "custom/beep2"}]},
    "beep3":{"category": "master","sounds": [{"name": "custom/beep3"}]},
    "beep4":{"category": "master","sounds": [{"name": "custom/beep4"}]},
    "gauge_up1":{"category": "master","sounds": [{"name": "custom/gauge_up1"}]},
    "gauge_up2":{"category": "master","sounds": [{"name": "custom/gauge_up2"}]}
}